Unnamed: 0,POLYMER SMILES,Eea
0,<polymer_spg>[*:1]CC([*:2])C;2->1,0.4343
1,<polymer_spg>[*:1]CC([*:2])F;2->1,0.874
2,<polymer_spg>[*:1]CC([*:2])(F)F;2->1,1.1415
3,<polymer_spg>[*:1]C(F)C([*:2])(F)F;2->1,1.524
4,<polymer_spg>[*:1]CCC(F)(F)C([*:2])(F)F;2->1,0.4489
5,<polymer_spg>[*:1]CO[*:2];2->1,0.9897
6,<polymer_spg>[*:1]CCO[*:2];2->1,0.3936
7,<polymer_spg>[*:1]CC(O[*:2])C(F)(F)F;2->1,0.7546
8,<polymer_spg>[*:1]CCCO[*:2];2->1,0.5672
9,<polymer_spg>[*:1]Oc1ccc(Cc2ccc([*:2])cc2)cc1;2->1,1.1795
10,<polymer_spg>[*:1]CCCCCOCO[*:2];2->1,0.5413
11,<polymer_spg>[*:1]CCOC(=O)NCCOCCOCCNC(=O)O[*:2];2->1,0.573
12,<polymer_spg>[*:1]c1ccc(-c2nc3cc4nc([*:2])oc4cc3o2)cc1;2->1,3.0398
13,<polymer_spg>[*:1]CCCCCS[*:2];2->1,0.5118
14,<polymer_spg>[*:1]Sc1ccc([*:2])cc1;2->1,2.0372
15,<polymer_spg>[*:1]CCOC(=O)CCCCC(=O)O[*:2];2->1,1.0754
16,<polymer_spg>[*:1]CCOC(=O)CCCCCCC(=O)O[*:2];2->1,0.8924
17,<polymer_spg>[*:1]CCOC(=O)c1ccc(C(=O)O[*:2])cc1;2->1,2.2723
18,<polymer_spg>[*:1]CCCCOC(=O)c1ccc(C(=O)O[*:2])cc1;2->1,2.4936
19,<polymer_spg>[*:1]CC(=O)O[*:2];2->1,1.2063
20,<polymer_spg>[*:1]CCCCCC(=O)O[*:2];2->1,0.5062
21,<polymer_spg>[*:1]CCC(=O)O[*:2];2->1,0.7562
22,<polymer_spg>[*:1]Oc1ccc(CC([*:2])=O)cc1;2->1,1.5033
23,<polymer_spg>[*:1]Cc1ccc(C(=O)O[*:2])cc1;2->1,2.2574
24,<polymer_spg>[*:1]CCC(=O)N[*:2];2->1,1.1904
25,<polymer_spg>[*:1]CCCCCCC(=O)N[*:2];2->1,0.6934
26,<polymer_spg>[*:1]CC(=O)N[*:2];2->1,0.7672
27,<polymer_spg>[*:1]Nc1cccc(C([*:2])=O)c1;2->1,2.356
28,<polymer_spg>[*:1]Cc1ccc(C(=O)N[*:2])cc1;2->1,1.8315
29,<polymer_spg>[*:1]CCCCCOC(=O)Nc1ccc(C)c(NC(=O)O[*:2])c1;2->1,0.9199
30,<polymer_spg>[*:1]OC(=O)c1ccc(C([*:2])=O)cc1;2->1,3.2451
31,<polymer_spg>[*:1]Oc1ccc(OC([*:2])=O)cc1;2->1,1.4499
32,<polymer_spg>[*:1]CCCN[*:2];2->1,0.5296
33,<polymer_spg>[*:1]Oc1ccc(C(=O)c2ccc([*:2])cc2)cc1;2->1,2.4594
34,<polymer_spg>[*:1]c1ccc([*:2])cc1;2->1,2.6013
35,<polymer_spg>[*:1]CCc1ccc(-c2ccc([*:2])cc2)cc1;2->1,1.482
36,<polymer_spg>[*:1]OC1C(CO)OC([*:2])C(O)C1O;2->1,0.8344
37,<polymer_spg>[*:1]Cc1ccc(CO[*:2])cc1;2->1,1.6106
38,<polymer_spg>[*:1]CCOCCOC(=O)O[*:2];2->1,0.4954
39,<polymer_spg>[*:1]CCC(O[*:2])(C(F)(F)F)C(F)(F)F;2->1,0.4911
40,<polymer_spg>[*:1]c1ccc([*:2])s1;2->1,2.9681
41,<polymer_spg>[*:1]Oc1ccc(-c2ccc(C([*:2])=O)cc2)cc1;2->1,2.4015
42,<polymer_spg>[*:1]Nc1ccc([*:2])cc1;2->1,0.9827
43,<polymer_spg>[*:1]c1cccc([*:2])n1;2->1,2.2143
44,<polymer_spg>[*:1]CC(CC(CC(CC([*:2])c1ccccc1)c1ccccc1)c1ccccc1)c1ccccc1;2->1,1.5606
45,<polymer_spg>[*:1]c1ccc(-c2ccc([*:2])s2)s1;2->1,2.9681
46,<polymer_spg>[*:1]c1ccc2oc(-c3ccc4nc([*:2])oc4c3)nc2c1;2->1,3.155
47,<polymer_spg>[*:1]Cc1ccc(C[*:2])cc1;2->1,0.8499
48,<polymer_spg>[*:1]CCCOC(=O)CCCCCCCCOC(=O)CCCOC(=O)CCCCCCCCOC([*:2])=O;2->1,0.7602
49,<polymer_spg>[*:1]CC(CC(CC([*:2])c1ccccn1)c1ccccn1)c1ccccn1;2->1,1.1922
50,<polymer_spg>[*:1]C(=S)c1ccc(-c2ccc(-c3ccc([*:2])s3)s2)s1;2->1,3.9365
51,<polymer_spg>[*:1]Oc1ccc(-c2ccc(-c3ccc([*:2])s3)s2)s1;2->1,2.4093
52,<polymer_spg>[*:1]C(=S)Oc1ccc(-c2ccc([*:2])s2)s1;2->1,3.2944
53,<polymer_spg>[*:1]Oc1ccc(C(=S)c2ccc([*:2])s2)s1;2->1,3.4574
54,<polymer_spg>[*:1]C(=S)OC(=S)c1ccc([*:2])s1;2->1,4.0075
55,<polymer_spg>[*:1]Oc1ccc(Oc2ccc([*:2])s2)s1;2->1,1.3443
56,<polymer_spg>[*:1]OC(=S)Oc1ccc([*:2])s1;2->1,2.5249
57,<polymer_spg>[*:1]c1ccc(-c2ccc(-c3ccc(-c4ccc([*:2])s4)s3)s2)cc1;2->1,2.752
58,<polymer_spg>[*:1]Oc1ccc(-c2ccc(-c3ccc([*:2])cc3)s2)s1;2->1,1.7103
59,<polymer_spg>[*:1]c1ccc(-c2ccc(-c3ccc(-c4ccc([*:2])s4)cc3)s2)cc1;2->1,2.3385
60,<polymer_spg>[*:1]C(=S)c1ccc(-c2ccc(-c3ccc([*:2])cc3)s2)cc1;2->1,3.3503
61,<polymer_spg>[*:1]Oc1ccc(-c2ccc(-c3ccc([*:2])cc3)s2)cc1;2->1,1.8588
62,<polymer_spg>[*:1]c1ccc(-c2ccc(C(=S)c3ccc([*:2])s3)s2)cc1;2->1,3.6267
63,<polymer_spg>[*:1]c1ccc(-c2ccc(Oc3ccc([*:2])s3)s2)cc1;2->1,2.1082
64,<polymer_spg>[*:1]C(=S)Oc1ccc(-c2ccc([*:2])cc2)s1;2->1,2.8418
65,<polymer_spg>[*:1]Oc1ccc(-c2ccc(-c3ccc([*:2])cc3)cc2)s1;2->1,1.897
66,<polymer_spg>[*:1]c1ccc(-c2ccc(-c3ccc(-c4ccc([*:2])s4)cc3)cc2)cc1;2->1,2.2963
67,<polymer_spg>[*:1]C(=S)c1ccc(-c2ccc(-c3ccc([*:2])cc3)cc2)cc1;2->1,3.0264
68,<polymer_spg>[*:1]Oc1ccc(-c2ccc(-c3ccc([*:2])cc3)cc2)cc1;2->1,1.6576
69,<polymer_spg>[*:1]OC(=S)c1ccc(-c2ccc([*:2])cc2)cc1;2->1,2.7321
70,<polymer_spg>[*:1]C(=S)c1ccc(C(=S)c2ccc([*:2])cc2)s1;2->1,4.1807
71,<polymer_spg>[*:1]Oc1ccc(C(=S)c2ccc([*:2])cc2)s1;2->1,3.2177
72,<polymer_spg>[*:1]C(=S)c1ccc(C(=S)c2ccc([*:2])cc2)cc1;2->1,2.9311
73,<polymer_spg>[*:1]Oc1ccc(C(=S)c2ccc([*:2])cc2)cc1;2->1,3.1315
74,<polymer_spg>[*:1]C(=S)OC(=S)c1ccc([*:2])cc1;2->1,3.7508
75,<polymer_spg>[*:1]Oc1ccc(Oc2ccc([*:2])cc2)s1;2->1,1.2264
76,<polymer_spg>[*:1]c1ccc(OC(=S)c2ccc([*:2])s2)cc1;2->1,3.1094
77,<polymer_spg>[*:1]OC(=S)Oc1ccc([*:2])cc1;2->1,1.8722
78,<polymer_spg>[*:1]Cc1ccc(-c2ccc(-c3ccc([*:2])s3)s2)s1;2->1,2.0787
79,<polymer_spg>[*:1]Cc1ccc(-c2ccc(C([*:2])=S)s2)s1;2->1,3.2587
80,<polymer_spg>[*:1]Cc1ccc(-c2ccc(O[*:2])s2)s1;2->1,1.7705
81,<polymer_spg>[*:1]Cc1ccc(-c2ccc(-c3ccc([*:2])s3)cc2)s1;2->1,1.9244
82,<polymer_spg>[*:1]Cc1ccc(-c2ccc(C([*:2])=S)cc2)s1;2->1,2.9754
83,<polymer_spg>[*:1]Cc1ccc(-c2ccc(O[*:2])cc2)s1;2->1,1.4385
84,<polymer_spg>[*:1]Cc1ccc(Cc2ccc([*:2])s2)s1;2->1,1.174
85,<polymer_spg>[*:1]Cc1ccc(CC([*:2])=S)s1;2->1,2.588
86,<polymer_spg>[*:1]Cc1ccc(C(=O)c2ccc([*:2])s2)s1;2->1,2.8498
87,<polymer_spg>[*:1]Cc1ccc(C(=O)C([*:2])=S)s1;2->1,3.3428
88,<polymer_spg>[*:1]Cc1ccc(C(=O)O[*:2])s1;2->1,2.358
89,<polymer_spg>[*:1]Cc1ccc(C(=S)c2ccc([*:2])s2)s1;2->1,3.3843
90,<polymer_spg>[*:1]Cc1ccc(C(=S)O[*:2])s1;2->1,2.9654
91,<polymer_spg>[*:1]Cc1ccc(Nc2ccc([*:2])s2)s1;2->1,1.1194
92,<polymer_spg>[*:1]Cc1ccc(NC([*:2])=S)s1;2->1,2.0497
93,<polymer_spg>[*:1]Cc1ccc(NO[*:2])s1;2->1,1.3873
94,<polymer_spg>[*:1]Cc1ccc(Oc2ccc([*:2])s2)s1;2->1,1.2199
95,<polymer_spg>[*:1]Cc1ccc(OC([*:2])=S)s1;2->1,2.3956
96,<polymer_spg>[*:1]Cc1ccc(-c2ccc(-c3ccc([*:2])s3)s2)cc1;2->1,1.9547
97,<polymer_spg>[*:1]Cc1ccc(-c2ccc(-c3ccc([*:2])cc3)s2)cc1;2->1,1.8331
98,<polymer_spg>[*:1]Cc1ccc(-c2ccc(C([*:2])=S)s2)cc1;2->1,3.0651
99,<polymer_spg>[*:1]Cc1ccc(-c2ccc(-c3ccc([*:2])s3)cc2)cc1;2->1,1.812
100,<polymer_spg>[*:1]Cc1ccc(-c2ccc(-c3ccc([*:2])cc3)cc2)cc1;2->1,1.7487
101,<polymer_spg>[*:1]Cc1ccc(-c2ccc(C([*:2])=S)cc2)cc1;2->1,2.7075
102,<polymer_spg>[*:1]Cc1ccc(Cc2ccc([*:2])s2)cc1;2->1,0.9966
103,<polymer_spg>[*:1]Cc1ccc(Cc2ccc([*:2])cc2)cc1;2->1,1.0649
104,<polymer_spg>[*:1]Cc1ccc(CC([*:2])=S)cc1;2->1,2.6743
105,<polymer_spg>[*:1]Cc1ccc(C(=O)c2ccc([*:2])s2)cc1;2->1,2.5375
106,<polymer_spg>[*:1]Cc1ccc(C(=O)c2ccc([*:2])cc2)cc1;2->1,2.314
107,<polymer_spg>[*:1]Cc1ccc(C(=O)C([*:2])=S)cc1;2->1,3.3639
108,<polymer_spg>[*:1]Cc1ccc(C(=S)c2ccc([*:2])s2)cc1;2->1,3.0211
109,<polymer_spg>[*:1]Cc1ccc(C(=S)c2ccc([*:2])cc2)cc1;2->1,2.874
110,<polymer_spg>[*:1]Cc1ccc(C(=S)O[*:2])cc1;2->1,2.8319
111,<polymer_spg>[*:1]Cc1ccc(Nc2ccc([*:2])s2)cc1;2->1,0.9705
112,<polymer_spg>[*:1]Cc1ccc(Nc2ccc([*:2])cc2)cc1;2->1,0.9546
113,<polymer_spg>[*:1]Cc1ccc(NC([*:2])=S)cc1;2->1,2.0656
114,<polymer_spg>[*:1]Cc1ccc(NO[*:2])cc1;2->1,0.7333
115,<polymer_spg>[*:1]Cc1ccc(Oc2ccc([*:2])s2)cc1;2->1,1.0627
116,<polymer_spg>[*:1]Cc1ccc(OC([*:2])=S)cc1;2->1,2.2773
117,<polymer_spg>[*:1]CCc1ccc(-c2ccc([*:2])s2)s1;2->1,1.9411
118,<polymer_spg>[*:1]CCc1ccc(C([*:2])=S)s1;2->1,3.3272
119,<polymer_spg>[*:1]CCc1ccc(O[*:2])s1;2->1,0.6627
120,<polymer_spg>[*:1]CCc1ccc(-c2ccc([*:2])s2)cc1;2->1,1.6982
121,<polymer_spg>[*:1]CCc1ccc(C([*:2])=S)cc1;2->1,3.1161
122,<polymer_spg>[*:1]CCc1ccc(O[*:2])cc1;2->1,0.7536
123,<polymer_spg>[*:1]CCCc1ccc([*:2])s1;2->1,0.9489
124,<polymer_spg>[*:1]CCCc1ccc([*:2])cc1;2->1,0.9937
125,<polymer_spg>[*:1]CCCC([*:2])=O;2->1,1.2346
126,<polymer_spg>[*:1]CCCC([*:2])=S;2->1,2.3997
127,<polymer_spg>[*:1]CCC(=O)c1ccc([*:2])s1;2->1,2.6933
128,<polymer_spg>[*:1]CCC(=O)c1ccc([*:2])cc1;2->1,2.3583
129,<polymer_spg>[*:1]CCC(=O)C([*:2])=S;2->1,3.1911
130,<polymer_spg>[*:1]CCC(=S)O[*:2];2->1,2.069
131,<polymer_spg>[*:1]CCNc1ccc([*:2])s1;2->1,0.6915
132,<polymer_spg>[*:1]CCNc1ccc([*:2])cc1;2->1,0.6326
133,<polymer_spg>[*:1]CCNC([*:2])=S;2->1,1.6837
134,<polymer_spg>[*:1]CCON[*:2];2->1,0.6058
135,<polymer_spg>[*:1]CC(=O)c1ccc(-c2ccc([*:2])s2)s1;2->1,2.8128
136,<polymer_spg>[*:1]CC(=O)c1ccc(-c2ccc([*:2])cc2)s1;2->1,2.6784
137,<polymer_spg>[*:1]CC(=O)c1ccc(C([*:2])=O)s1;2->1,3.1941
138,<polymer_spg>[*:1]CC(=O)c1ccc(C([*:2])=S)s1;2->1,3.6254
139,<polymer_spg>[*:1]CC(=O)c1ccc(O[*:2])s1;2->1,2.4711
140,<polymer_spg>[*:1]CC(=O)c1ccc(-c2ccc([*:2])s2)cc1;2->1,2.4129
141,<polymer_spg>[*:1]CC(=O)c1ccc(-c2ccc([*:2])cc2)cc1;2->1,2.336
142,<polymer_spg>[*:1]CC(=O)c1ccc(C([*:2])=O)cc1;2->1,2.7979
143,<polymer_spg>[*:1]CC(=O)c1ccc(C([*:2])=S)cc1;2->1,3.7473
144,<polymer_spg>[*:1]CC(=O)c1ccc(O[*:2])cc1;2->1,2.3793
145,<polymer_spg>[*:1]CC(=O)Cc1ccc([*:2])s1;2->1,1.6069
146,<polymer_spg>[*:1]CC(=O)Cc1ccc([*:2])cc1;2->1,1.8209
147,<polymer_spg>[*:1]CC(=O)CC([*:2])=O;2->1,1.5258
148,<polymer_spg>[*:1]CC(=O)CC([*:2])=S;2->1,3.0632
149,<polymer_spg>[*:1]CC(=O)CO[*:2];2->1,1.6393
150,<polymer_spg>[*:1]CC(=O)C(=S)c1ccc([*:2])s1;2->1,3.7805
151,<polymer_spg>[*:1]CC(=O)C(=S)c1ccc([*:2])cc1;2->1,3.6382
152,<polymer_spg>[*:1]CC(=O)C(=S)C([*:2])=O;2->1,4.8698
153,<polymer_spg>[*:1]CC(=O)C(=S)O[*:2];2->1,2.8847
154,<polymer_spg>[*:1]CC(=O)Nc1ccc([*:2])s1;2->1,1.3272
155,<polymer_spg>[*:1]CC(=O)Nc1ccc([*:2])cc1;2->1,1.369
156,<polymer_spg>[*:1]CC(=O)NC([*:2])=O;2->1,1.5835
157,<polymer_spg>[*:1]CC(=O)NC([*:2])=S;2->1,2.9562
158,<polymer_spg>[*:1]CC(=O)Oc1ccc([*:2])s1;2->1,1.4534
159,<polymer_spg>[*:1]CC(=O)OC([*:2])=O;2->1,2.2158
160,<polymer_spg>[*:1]CC(=O)OC([*:2])=S;2->1,3.1169
161,<polymer_spg>[*:1]CC(=S)c1ccc(C([*:2])=S)s1;2->1,2.8676
162,<polymer_spg>[*:1]CC(=S)c1ccc(O[*:2])s1;2->1,3.131
163,<polymer_spg>[*:1]CC(=S)c1ccc(C([*:2])=S)cc1;2->1,2.9742
164,<polymer_spg>[*:1]CC(=S)c1ccc(N[*:2])cc1;2->1,3.0309
165,<polymer_spg>[*:1]CC(=S)c1ccc(O[*:2])cc1;2->1,3.1915
166,<polymer_spg>[*:1]CC(=S)CO[*:2];2->1,2.5664
167,<polymer_spg>[*:1]CC(=S)C(=O)O[*:2];2->1,3.8755
168,<polymer_spg>[*:1]CC(=S)NO[*:2];2->1,2.2076
169,<polymer_spg>[*:1]CNc1ccc(-c2ccc([*:2])cc2)s1;2->1,1.6671
170,<polymer_spg>[*:1]CNc1ccc(C([*:2])=O)s1;2->1,2.2797
171,<polymer_spg>[*:1]CNc1ccc(C([*:2])=S)s1;2->1,2.9244
172,<polymer_spg>[*:1]CNc1ccc(N[*:2])s1;2->1,0.5629
173,<polymer_spg>[*:1]CNc1ccc(O[*:2])s1;2->1,0.8203
174,<polymer_spg>[*:1]CNc1ccc(-c2ccc([*:2])s2)cc1;2->1,1.292
175,<polymer_spg>[*:1]CNc1ccc(N[*:2])cc1;2->1,0.54
176,<polymer_spg>[*:1]CNc1ccc(O[*:2])cc1;2->1,0.7695
177,<polymer_spg>[*:1]CNCc1ccc([*:2])s1;2->1,1.1612
178,<polymer_spg>[*:1]CNCc1ccc([*:2])cc1;2->1,1.2974
179,<polymer_spg>[*:1]CNCC([*:2])=O;2->1,1.6269
180,<polymer_spg>[*:1]CNCC([*:2])=S;2->1,2.6857
181,<polymer_spg>[*:1]CNCN[*:2];2->1,0.8689
182,<polymer_spg>[*:1]CNCO[*:2];2->1,0.7624
183,<polymer_spg>[*:1]CNC(=O)c1ccc([*:2])s1;2->1,1.968
184,<polymer_spg>[*:1]CNC(=O)C([*:2])=S;2->1,4.0732
185,<polymer_spg>[*:1]CNC(=S)c1ccc([*:2])s1;2->1,2.3974
186,<polymer_spg>[*:1]CNC(=S)c1ccc([*:2])cc1;2->1,2.3012
187,<polymer_spg>[*:1]CNC(=S)C([*:2])=O;2->1,3.7481
188,<polymer_spg>[*:1]CNC(=S)N[*:2];2->1,1.4813
189,<polymer_spg>[*:1]CNC(=S)O[*:2];2->1,1.5976
190,<polymer_spg>[*:1]CNOc1ccc([*:2])s1;2->1,1.0659
191,<polymer_spg>[*:1]CNOc1ccc([*:2])cc1;2->1,0.891
192,<polymer_spg>[*:1]CNOC([*:2])=S;2->1,2.5
193,<polymer_spg>[*:1]CNON[*:2];2->1,0.9652
194,<polymer_spg>[*:1]COc1ccc(-c2ccc([*:2])cc2)s1;2->1,1.6377
195,<polymer_spg>[*:1]COc1ccc(O[*:2])s1;2->1,0.8857
196,<polymer_spg>[*:1]COc1ccc(O[*:2])cc1;2->1,0.9466
197,<polymer_spg>[*:1]COC(=O)O[*:2];2->1,0.7529
198,<polymer_spg>[*:1]COC(=S)O[*:2];2->1,2.0771
199,<polymer_spg>[*:1]CONC([*:2])=O;2->1,1.2523
200,<polymer_spg>[*:1]CONO[*:2];2->1,0.421
201,<polymer_spg>[*:1]C(=O)c1ccc(-c2ccc(-c3ccc([*:2])s3)s2)s1;2->1,3.453
202,<polymer_spg>[*:1]C(=O)c1ccc(-c2ccc(C([*:2])=S)s2)s1;2->1,4.1032
203,<polymer_spg>[*:1]Oc1ccc(-c2ccc(C([*:2])=O)s2)s1;2->1,2.952
204,<polymer_spg>[*:1]C(=O)c1ccc(-c2ccc(-c3ccc([*:2])s3)cc2)s1;2->1,3.2278
205,<polymer_spg>[*:1]C(=O)c1ccc(-c2ccc(C([*:2])=S)cc2)s1;2->1,3.7335
206,<polymer_spg>[*:1]Oc1ccc(-c2ccc(C([*:2])=O)s2)cc1;2->1,2.9075
207,<polymer_spg>[*:1]C(=O)c1ccc(C(=O)c2ccc([*:2])s2)s1;2->1,4.0693
208,<polymer_spg>[*:1]C(=O)c1ccc(C(=O)C([*:2])=S)s1;2->1,4.6396
209,<polymer_spg>[*:1]OC(=O)c1ccc(C([*:2])=O)s1;2->1,3.3779
210,<polymer_spg>[*:1]OC(=S)c1ccc(C([*:2])=O)s1;2->1,4.037
211,<polymer_spg>[*:1]C(=O)c1ccc(Oc2ccc([*:2])s2)s1;2->1,2.882
212,<polymer_spg>[*:1]C(=O)c1ccc(OC([*:2])=S)s1;2->1,3.2522
213,<polymer_spg>[*:1]C(=O)c1ccc(-c2ccc(-c3ccc([*:2])cc3)s2)cc1;2->1,2.8757
214,<polymer_spg>[*:1]Oc1ccc(-c2ccc(C([*:2])=O)cc2)s1;2->1,2.3086
215,<polymer_spg>[*:1]C(=O)c1ccc(-c2ccc(-c3ccc([*:2])cc3)cc2)cc1;2->1,2.6442
216,<polymer_spg>[*:1]C(=O)c1ccc(-c2ccc(C([*:2])=S)cc2)cc1;2->1,3.6994
217,<polymer_spg>[*:1]C(=O)c1ccc(C(=O)c2ccc([*:2])s2)cc1;2->1,3.6543
218,<polymer_spg>[*:1]C(=O)c1ccc(C(=O)c2ccc([*:2])cc2)cc1;2->1,2.1866
219,<polymer_spg>[*:1]C(=O)c1ccc(C(=O)C([*:2])=S)cc1;2->1,3.783
220,<polymer_spg>[*:1]OC(=S)c1ccc(C([*:2])=O)cc1;2->1,3.4955
221,<polymer_spg>[*:1]C(=O)c1ccc(Oc2ccc([*:2])s2)cc1;2->1,2.5289
222,<polymer_spg>[*:1]C(=O)c1ccc(OC([*:2])=S)cc1;2->1,3.2631
223,<polymer_spg>[*:1]C(=O)Oc1ccc(C([*:2])=S)s1;2->1,3.8482
224,<polymer_spg>[*:1]Oc1ccc(OC([*:2])=O)s1;2->1,1.7594
225,<polymer_spg>[*:1]C(=O)Oc1ccc(C([*:2])=S)cc1;2->1,3.6938
226,<polymer_spg>[*:1]OC(=O)OC([*:2])=O;2->1,2.3361
227,<polymer_spg>[*:1]OC(=S)OC([*:2])=O;2->1,3.1486
228,<polymer_spg>[*:1]Nc1ccc(-c2ccc(-c3ccc([*:2])s3)s2)s1;2->1,2.2798
229,<polymer_spg>[*:1]Cc1ccc(-c2ccc(N[*:2])s2)s1;2->1,1.6017
230,<polymer_spg>[*:1]Nc1ccc(-c2ccc(C([*:2])=O)s2)s1;2->1,2.9191
231,<polymer_spg>[*:1]Nc1ccc(-c2ccc(C([*:2])=S)s2)s1;2->1,3.3026
232,<polymer_spg>[*:1]Nc1ccc(-c2ccc(-c3ccc([*:2])s3)cc2)s1;2->1,2.0751
233,<polymer_spg>[*:1]Nc1ccc(-c2ccc(C([*:2])=S)cc2)s1;2->1,2.3374
234,<polymer_spg>[*:1]Nc1ccc(C(=O)c2ccc([*:2])s2)s1;2->1,3.0129
235,<polymer_spg>[*:1]Nc1ccc(C(=O)C([*:2])=S)s1;2->1,4.1937
236,<polymer_spg>[*:1]Nc1ccc(C(=S)c2ccc([*:2])s2)s1;2->1,3.5786
237,<polymer_spg>[*:1]Nc1ccc(C(=S)c2ccc([*:2])cc2)s1;2->1,2.9139
238,<polymer_spg>[*:1]Nc1ccc(Nc2ccc([*:2])s2)s1;2->1,1.4393
239,<polymer_spg>[*:1]Nc1ccc(NC([*:2])=S)s1;2->1,2.2133
240,<polymer_spg>[*:1]Nc1ccc(Oc2ccc([*:2])s2)s1;2->1,1.1067
241,<polymer_spg>[*:1]Nc1ccc(OC([*:2])=S)s1;2->1,2.3032
242,<polymer_spg>[*:1]Nc1ccc(-c2ccc(-c3ccc([*:2])s3)s2)cc1;2->1,1.6696
243,<polymer_spg>[*:1]Nc1ccc(-c2ccc(-c3ccc([*:2])cc3)s2)cc1;2->1,1.9491
244,<polymer_spg>[*:1]Nc1ccc(-c2ccc(C([*:2])=S)s2)cc1;2->1,3.1722
245,<polymer_spg>[*:1]Nc1ccc(-c2ccc(-c3ccc([*:2])s3)cc2)cc1;2->1,1.8885
246,<polymer_spg>[*:1]Nc1ccc(-c2ccc(-c3ccc([*:2])cc3)cc2)cc1;2->1,1.5312
247,<polymer_spg>[*:1]Cc1ccc(-c2ccc(N[*:2])cc2)cc1;2->1,1.1363
248,<polymer_spg>[*:1]Nc1ccc(-c2ccc(C([*:2])=S)cc2)cc1;2->1,2.5787
249,<polymer_spg>[*:1]Nc1ccc(C(=O)c2ccc([*:2])s2)cc1;2->1,2.4618
250,<polymer_spg>[*:1]Nc1ccc(C(=O)C([*:2])=S)cc1;2->1,4.0513
251,<polymer_spg>[*:1]Nc1ccc(C(=O)O[*:2])cc1;2->1,2.5642
252,<polymer_spg>[*:1]Nc1ccc(C(=S)c2ccc([*:2])cc2)cc1;2->1,3.0683
253,<polymer_spg>[*:1]Nc1ccc(Nc2ccc([*:2])s2)cc1;2->1,1.0698
254,<polymer_spg>[*:1]Nc1ccc(Oc2ccc([*:2])s2)cc1;2->1,1.1598
255,<polymer_spg>[*:1]Nc1ccc(Oc2ccc([*:2])cc2)cc1;2->1,1.1501
256,<polymer_spg>[*:1]Nc1ccc(OC([*:2])=S)cc1;2->1,2.1606
257,<polymer_spg>[*:1]NC(=O)c1ccc(-c2ccc([*:2])cc2)s1;2->1,2.6235
258,<polymer_spg>[*:1]NC(=O)c1ccc(C([*:2])=O)s1;2->1,3.408
259,<polymer_spg>[*:1]NC(=O)c1ccc(C([*:2])=S)s1;2->1,3.7504
260,<polymer_spg>[*:1]NC(=O)c1ccc(O[*:2])s1;2->1,2.2174
261,<polymer_spg>[*:1]NC(=O)c1ccc(-c2ccc([*:2])s2)cc1;2->1,2.1302
262,<polymer_spg>[*:1]NC(=O)c1ccc(-c2ccc([*:2])cc2)cc1;2->1,2.3815
263,<polymer_spg>[*:1]NC(=O)c1ccc(C([*:2])=S)cc1;2->1,3.4516
264,<polymer_spg>[*:1]NC(=O)c1ccc(O[*:2])cc1;2->1,2.0709
265,<polymer_spg>[*:1]NC(=O)C(=S)c1ccc([*:2])s1;2->1,3.9034
266,<polymer_spg>[*:1]NC(=O)C(=S)c1ccc([*:2])cc1;2->1,3.6154
267,<polymer_spg>[*:1]NC(=O)C(=S)C([*:2])=O;2->1,5.1781
268,<polymer_spg>[*:1]NC(=O)C(=S)O[*:2];2->1,4.3681
269,<polymer_spg>[*:1]NC(=O)Nc1ccc([*:2])s1;2->1,1.6045
270,<polymer_spg>[*:1]NC(=O)NC([*:2])=O;2->1,2.041
271,<polymer_spg>[*:1]NC(=O)NC([*:2])=S;2->1,3.7029
272,<polymer_spg>[*:1]NC(=O)NO[*:2];2->1,1.9635
273,<polymer_spg>[*:1]NC(=O)Oc1ccc([*:2])s1;2->1,1.551
274,<polymer_spg>[*:1]NC(=O)Oc1ccc([*:2])cc1;2->1,1.3447
275,<polymer_spg>[*:1]NC(=O)OC([*:2])=S;2->1,3.7701
276,<polymer_spg>[*:1]NC(=S)c1ccc(O[*:2])s1;2->1,2.8874
277,<polymer_spg>[*:1]NC(=S)c1ccc(O[*:2])cc1;2->1,2.5935
278,<polymer_spg>[*:1]NC(=S)C(=O)O[*:2];2->1,4.0646
279,<polymer_spg>[*:1]NC(=S)Nc1ccc([*:2])cc1;2->1,2.0356
280,<polymer_spg>[*:1]NC(=S)NC([*:2])=S;2->1,4.2115
281,<polymer_spg>[*:1]NC(=S)NO[*:2];2->1,2.2894
282,<polymer_spg>[*:1]NC(=S)OC([*:2])=S;2->1,4.0637
283,<polymer_spg>[*:1]NOC(=O)O[*:2];2->1,1.6985
284,<polymer_spg>[*:1]NOC(=S)O[*:2];2->1,2.7178
285,<polymer_spg>[*:1]NC(=S)Nc1ccc(NC(=S)Nc2ccc(Oc3ccc([*:2])cc3)cc2)cc1;2->1,2.2298
286,<polymer_spg>[*:1]NC(=S)Nc1ccc(Cc2ccc([*:2])cc2)cc1;2->1,1.379
287,<polymer_spg>[*:1]CCOCCOC(=O)Nc1ccc(C)c(NC(=O)O[*:2])c1;2->1,0.755
288,<polymer_spg>[*:1]NC(=O)OC([*:2])=O;2->1,2.561
289,<polymer_spg>[*:1]OC(=O)C(=S)C([*:2])=O;2->1,5.1004
290,<polymer_spg>[*:1]OCCC(=O)CC(=O)Oc1ccc([*:2])cc1;2->1,2.0323
291,<polymer_spg>[*:1]CCOC(=S)NC(=S)c1ccc(N[*:2])cc1;2->1,2.6209
292,<polymer_spg>[*:1]CNCCCOCO[*:2];2->1,0.6155
293,<polymer_spg>[*:1]CNCNC(=O)NC(=O)N[*:2];2->1,0.7092
294,<polymer_spg>[*:1]CNC(=O)NCOCO[*:2];2->1,0.7808
295,<polymer_spg>[*:1]CNC(=O)ONC(=O)NO[*:2];2->1,1.4002
296,<polymer_spg>[*:1]COCOCCCO[*:2];2->1,0.6927
297,<polymer_spg>[*:1]CNCCNC(=O)OC[*:2];2->1,0.5903
298,<polymer_spg>[*:1]C(=O)c1ccc(NC(=S)Oc2ccc(Nc3ccc([*:2])s3)s2)s1;2->1,2.7059
299,<polymer_spg>[*:1]NOC(=O)NCC(=O)NC([*:2])=O;2->1,2.0185
300,<polymer_spg>[*:1]NCCCNC(=O)NC([*:2])=O;2->1,0.6578
301,<polymer_spg>[*:1]Nc1ccc(NC(=O)NC(=O)NC([*:2])=O)s1;2->1,1.5146
302,<polymer_spg>[*:1]NCNC(=O)OC(=O)NC([*:2])=O;2->1,1.6859
303,<polymer_spg>[*:1]Oc1ccc(C(=O)c2ccc(C(=O)NOC([*:2])=O)s2)cc1;2->1,3.5136
304,<polymer_spg>[*:1]c1ccc(C(F)(F)c2ccc(C([*:2])(F)F)s2)s1;2->1,2.5399
305,<polymer_spg>[*:1]C(=S)C(F)(F)c1ccc(C([*:2])(F)F)s1;2->1,4.1531
306,<polymer_spg>[*:1]OC(F)(F)c1ccc(C([*:2])(F)F)s1;2->1,2.3901
307,<polymer_spg>[*:1]c1ccc(C(F)(F)c2ccc(C([*:2])(F)F)cc2)s1;2->1,2.9023
308,<polymer_spg>[*:1]c1ccc(C(F)(F)c2ccc(C([*:2])(F)F)cc2)cc1;2->1,2.0599
309,<polymer_spg>[*:1]C(=S)C(F)(F)c1ccc(C([*:2])(F)F)cc1;2->1,4.0037
310,<polymer_spg>[*:1]OC(F)(F)c1ccc(C([*:2])(F)F)cc1;2->1,2.1427
311,<polymer_spg>[*:1]C(=S)c1ccc(C(F)(F)C([*:2])(F)F)s1;2->1,4.1828
312,<polymer_spg>[*:1]Oc1ccc(C(F)(F)C([*:2])(F)F)s1;2->1,1.9642
313,<polymer_spg>[*:1]c1ccc(-c2ccc(C(F)(F)C([*:2])(F)F)cc2)s1;2->1,2.4773
314,<polymer_spg>[*:1]c1ccc(-c2ccc(C(F)(F)C([*:2])(F)F)cc2)cc1;2->1,2.3351
315,<polymer_spg>[*:1]C(=S)c1ccc(C(F)(F)C([*:2])(F)F)cc1;2->1,3.9184
316,<polymer_spg>[*:1]Oc1ccc(C(F)(F)C([*:2])(F)F)cc1;2->1,1.7411
317,<polymer_spg>[*:1]c1ccc(CC(F)(F)C([*:2])(F)F)s1;2->1,1.8781
318,<polymer_spg>[*:1]c1ccc(CC(F)(F)C([*:2])(F)F)cc1;2->1,1.7485
319,<polymer_spg>[*:1]C(=O)CC(F)(F)C([*:2])(F)F;2->1,2.8445
320,<polymer_spg>[*:1]C(=S)CC(F)(F)C([*:2])(F)F;2->1,3.5657
321,<polymer_spg>[*:1]NCC(F)(F)C([*:2])(F)F;2->1,0.6587
322,<polymer_spg>[*:1]OCC(F)(F)C([*:2])(F)F;2->1,0.6148
323,<polymer_spg>[*:1]c1ccc(C(=O)C(F)(F)C([*:2])(F)F)s1;2->1,3.7613
324,<polymer_spg>[*:1]c1ccc(C(=O)C(F)(F)C([*:2])(F)F)cc1;2->1,3.4595
325,<polymer_spg>[*:1]C(=S)C(=O)C(F)(F)C([*:2])(F)F;2->1,5.1438
326,<polymer_spg>[*:1]OC(=S)C(F)(F)C([*:2])(F)F;2->1,3.6605
327,<polymer_spg>[*:1]c1ccc(NC(F)(F)C([*:2])(F)F)s1;2->1,1.8646
328,<polymer_spg>[*:1]c1ccc(NC(F)(F)C([*:2])(F)F)cc1;2->1,1.524
329,<polymer_spg>[*:1]C(=O)NC(F)(F)C([*:2])(F)F;2->1,2.4953
330,<polymer_spg>[*:1]C(=S)NC(F)(F)C([*:2])(F)F;2->1,3.1022
331,<polymer_spg>[*:1]NOC(F)(F)C([*:2])(F)F;2->1,0.9509
332,<polymer_spg>[*:1]c1ccc(C(F)(F)CC([*:2])(F)F)s1;2->1,2.025
333,<polymer_spg>[*:1]c1ccc(C(F)(F)CC([*:2])(F)F)cc1;2->1,1.9565
334,<polymer_spg>[*:1]C(=O)C(F)(F)CC([*:2])(F)F;2->1,3.352
335,<polymer_spg>[*:1]C(=S)C(F)(F)CC([*:2])(F)F;2->1,4.3183
336,<polymer_spg>[*:1]NC(F)(F)CC([*:2])(F)F;2->1,1.3115
337,<polymer_spg>[*:1]OC(F)(F)CC([*:2])(F)F;2->1,0.7292
338,<polymer_spg>[*:1]C(=O)C(F)(F)C(=O)C([*:2])(F)F;2->1,4.1382
339,<polymer_spg>[*:1]OC(F)(F)C(=O)C([*:2])(F)F;2->1,3.6501
340,<polymer_spg>[*:1]OC(F)(F)C(=S)C([*:2])(F)F;2->1,4.3264
341,<polymer_spg>[*:1]c1ccc(C(F)(F)NC([*:2])(F)F)s1;2->1,2.4083
342,<polymer_spg>[*:1]c1ccc(C(F)(F)NC([*:2])(F)F)cc1;2->1,2.1641
343,<polymer_spg>[*:1]C(=O)C(F)(F)NC([*:2])(F)F;2->1,3.7985
344,<polymer_spg>[*:1]C(=S)C(F)(F)NC([*:2])(F)F;2->1,4.6097
345,<polymer_spg>[*:1]NC(F)(F)NC([*:2])(F)F;2->1,1.6576
346,<polymer_spg>[*:1]OC(F)(F)NC([*:2])(F)F;2->1,0.9184
347,<polymer_spg>[*:1]c1ccc(-c2ccc(-c3ccc(-c4ccc([*:2])s4)s3)cc2)cc1;2->1,2.6224
348,<polymer_spg>[*:1]C(=S)c1ccc(-c2ccc(-c3ccc([*:2])cc3)cc2)s1;2->1,3.3959
349,<polymer_spg>[*:1]c1ccc(C(=S)c2ccc(-c3ccc([*:2])s3)s2)cc1;2->1,3.54
350,<polymer_spg>[*:1]Cc1ccc(CO[*:2])s1;2->1,1.4146
351,<polymer_spg>[*:1]C(=O)c1ccc(C(=S)c2ccc([*:2])s2)s1;2->1,4.1286
352,<polymer_spg>[*:1]C(=O)c1ccc(-c2ccc(-c3ccc([*:2])s3)s2)cc1;2->1,2.775
353,<polymer_spg>[*:1]C(=O)c1ccc(-c2ccc(C([*:2])=S)s2)cc1;2->1,3.8058
354,<polymer_spg>[*:1]C(=O)c1ccc(-c2ccc(-c3ccc([*:2])s3)cc2)cc1;2->1,3.0595
355,<polymer_spg>[*:1]C(=O)c1ccc(C(=S)c2ccc([*:2])s2)cc1;2->1,3.9759
356,<polymer_spg>[*:1]C(=O)c1ccc(C(=S)c2ccc([*:2])cc2)cc1;2->1,2.9183
357,<polymer_spg>[*:1]Nc1ccc(C(=O)O[*:2])s1;2->1,2.6486
358,<polymer_spg>[*:1]CCCCCCNC(=S)Nc1ccc(NC(=S)N[*:2])cc1;2->1,1.6869
359,<polymer_spg>[*:1]NC(=O)NC(=O)c1ccc(C(=S)c2ccc(-c3ccc([*:2])s3)s2)s1;2->1,2.9241
360,<polymer_spg>[*:1]c1ccc(C(=S)c2ccc(C(=S)C(=O)Nc3ccc(-c4ccc([*:2])s4)cc3)s2)s1;2->1,3.9089
361,<polymer_spg>[*:1]OCC(=S)c1ccc(C(=S)Cc2ccc(-c3ccc([*:2])cc3)cc2)s1;2->1,3.7067
362,<polymer_spg>[*:1]NC(=O)c1ccc(NC(=S)c2ccc(Nc3ccc([*:2])cc3)cc2)s1;2->1,2.5831
363,<polymer_spg>[*:1]CCC(=O)OC(=O)Cc1ccc(-c2ccc([*:2])cc2)cc1;2->1,1.5387
364,<polymer_spg>[*:1]Nc1ccc(NC(=O)NONC([*:2])=O)s1;2->1,1.3385
365,<polymer_spg>[*:1]C(=S)C(=O)CCNc1ccc(C(=S)c2ccc([*:2])cc2)cc1;2->1,3.8901
366,<polymer_spg>[*:1]c1ccc(-c2ccc(C(F)(F)C([*:2])(F)F)s2)s1;2->1,2.7568
367,<polymer_spg>[*:1]OC(=O)C(F)(F)C([*:2])(F)F;2->1,2.9195
